generated_id,sequence,final_panel_rank,final_score,novelty_score,descriptor_plausibility_score,diversity_score,length_input,net_charge_proxy_input,mean_hydropathy_input,entropy_input,similarity_cluster_id,aa_frac_A,aa_frac_C,aa_frac_D,aa_frac_E,aa_frac_F,aa_frac_G,aa_frac_H,aa_frac_I,aa_frac_K,aa_frac_L,aa_frac_M,aa_frac_N,aa_frac_P,aa_frac_Q,aa_frac_R,aa_frac_S,aa_frac_T,aa_frac_V,aa_frac_W,aa_frac_Y,length,mean_hydropathy,hydrophobic_frac,aromatic_frac,positive_frac,negative_frac,polar_frac,net_charge_proxy,entropy,max_run_fraction,unique_residue_fraction,max_single_residue_fraction,consensus_external_support,consensus_external_positive,length_bin_match,charge_bin_match,hydropathy_bin_match,length_range_match,charge_range_match,hydropathy_range_match,condition_fidelity_score,all_condition_match,condition_mode,nearest_reference_id,nearest_reference_similarity,nearest_reference_sequence
gen_003691,CFGRRGYCENRFRWCCCHDMR,1,0.8924544881147354,0.9482758620689656,0.8158798182588503,0.9166666666666666,21.0,3.1,-0.9142857142857144,3.096161187118111,0,0.0,0.23809523809523808,0.047619047619047616,0.047619047619047616,0.09523809523809523,0.09523809523809523,0.047619047619047616,0.0,0.0,0.0,0.047619047619047616,0.047619047619047616,0.0,0.0,0.23809523809523808,0.0,0.0,0.0,0.047619047619047616,0.047619047619047616,21.0,-0.9142857142857144,0.47619047619047616,0.19047619047619047,0.2857142857142857,0.09523809523809523,0.7142857142857143,3.0999999999999996,3.096161187118111,0.14285714285714285,0.5238095238095238,0.23809523809523808,,,,,,,,,,,missing_condition_metadata,ref_016656,0.1111111111111111,RRGWARRLAFGRR
gen_006708,KFFCFLKKACKDVEKDIQEKASSSHII,2,0.8861227771041574,0.9516129032258064,0.7925216722841417,0.9189189189189187,27.0,2.1,-0.2962962962962963,3.355834261022085,1,0.07407407407407407,0.07407407407407407,0.07407407407407407,0.07407407407407407,0.1111111111111111,0.0,0.037037037037037035,0.1111111111111111,0.2222222222222222,0.037037037037037035,0.0,0.0,0.0,0.037037037037037035,0.0,0.1111111111111111,0.0,0.037037037037037035,0.0,0.0,27.0,-0.2962962962962963,0.4444444444444444,0.1111111111111111,0.25925925925925924,0.14814814814814814,0.5555555555555556,2.0999999999999996,3.3558342610220855,0.1111111111111111,0.4444444444444444,0.2222222222222222,,,,,,,,,,,missing_condition_metadata,ref_022784,0.10526315789473684,AKKACPCFDIQERMRVWDD
gen_005214,SIKIHQKVYSIKDDYNSIY,3,0.8760580907723583,0.95,0.7653783288476649,0.9189189189189187,19.0,1.1,-0.6842105263157895,2.9708400131019848,2,0.0,0.0,0.10526315789473684,0.0,0.0,0.0,0.05263157894736842,0.21052631578947367,0.15789473684210525,0.0,0.0,0.05263157894736842,0.0,0.05263157894736842,0.0,0.15789473684210525,0.0,0.05263157894736842,0.0,0.15789473684210525,19.0,-0.6842105263157895,0.42105263157894735,0.15789473684210525,0.21052631578947367,0.10526315789473684,0.7368421052631579,1.1,2.9708400131019848,0.10526315789473684,0.47368421052631576,0.21052631578947367,,,,,,,,,,,missing_condition_metadata,ref_009690,0.1,VYFGNSIK
gen_003648,AGKKTHCKSFDDSAHVCTKYYNKFV,4,0.8748152745459771,0.9583333333333334,0.7499300884463814,0.9230769230769232,25.0,3.2,-0.792,3.459470570797252,3,0.08,0.08,0.08,0.0,0.08,0.04,0.08,0.0,0.2,0.0,0.0,0.04,0.0,0.0,0.0,0.08,0.08,0.08,0.0,0.08,25.0,-0.792,0.4,0.16,0.28,0.08,0.72,3.2,3.459470570797252,0.08,0.48,0.2,,,,,,,,,,,missing_condition_metadata,ref_007396,0.08333333333333333,YDSAH
gen_010597,KKIWNKWPGKKFLDVLDG,5,0.8742769593190696,0.931818181818182,0.7946874162363029,0.9,18.0,3.0,-0.8388888888888889,3.080500530640267,4,0.0,0.0,0.1111111111111111,0.0,0.05555555555555555,0.1111111111111111,0.0,0.05555555555555555,0.2777777777777778,0.1111111111111111,0.0,0.05555555555555555,0.05555555555555555,0.0,0.0,0.0,0.0,0.05555555555555555,0.1111111111111111,0.0,18.0,-0.8388888888888889,0.3888888888888889,0.16666666666666666,0.2777777777777778,0.1111111111111111,0.5555555555555556,3.0,3.080500530640267,0.1111111111111111,0.5555555555555556,0.2777777777777778,,,,,,,,,,,missing_condition_metadata,ref_013558,0.13636363636363635,KKLFKKIKKFL
gen_006027,ESPCLLLSERRCPCRFECK,6,0.8728208321186492,0.9464285714285714,0.7681244554039329,0.9090909090909092,19.0,1.0,-0.4473684210526317,2.865576855207248,5,0.0,0.21052631578947367,0.0,0.15789473684210525,0.05263157894736842,0.0,0.0,0.0,0.05263157894736842,0.15789473684210525,0.0,0.0,0.10526315789473684,0.0,0.15789473684210525,0.10526315789473684,0.0,0.0,0.0,0.0,19.0,-0.4473684210526317,0.42105263157894735,0.05263157894736842,0.21052631578947367,0.15789473684210525,0.5263157894736842,1.0,2.865576855207248,0.15789473684210525,0.42105263157894735,0.21052631578947367,,,,,,,,,,,missing_condition_metadata,ref_019194,0.10714285714285714,IKTRGPKLRNLLLSES
gen_008095,FLRWKSGGDRAAKKLVYRLKAKEEELNLFFE,7,0.8714410057476076,0.945945945945946,0.7707762553497397,0.9019607843137256,31.0,3.0,-0.6709677419354838,3.422456198923519,6,0.0967741935483871,0.0,0.03225806451612903,0.12903225806451613,0.0967741935483871,0.06451612903225806,0.0,0.0,0.16129032258064516,0.16129032258064516,0.0,0.03225806451612903,0.0,0.0,0.0967741935483871,0.03225806451612903,0.0,0.03225806451612903,0.03225806451612903,0.03225806451612903,31.0,-0.6709677419354838,0.45161290322580644,0.16129032258064516,0.25806451612903225,0.16129032258064516,0.41935483870967744,3.0,3.422456198923519,0.0967741935483871,0.41935483870967744,0.16129032258064516,,,,,,,,,,,missing_condition_metadata,ref_003862,0.12121212121212122,FALALKAKKL
gen_004545,MKIHALAKDHFGSHVREAMEEFAKYFSR,8,0.8713545047946586,0.9558823529411764,0.7424931552633425,0.9230769230769232,28.0,1.2999999999999998,-0.5607142857142858,3.6280852788913935,7,0.14285714285714285,0.0,0.03571428571428571,0.10714285714285714,0.10714285714285714,0.03571428571428571,0.10714285714285714,0.03571428571428571,0.10714285714285714,0.03571428571428571,0.07142857142857142,0.0,0.0,0.0,0.07142857142857142,0.07142857142857142,0.0,0.03571428571428571,0.0,0.03571428571428571,28.0,-0.5607142857142858,0.4642857142857143,0.14285714285714285,0.2857142857142857,0.14285714285714285,0.42857142857142855,1.2999999999999998,3.6280852788913944,0.07142857142857142,0.5,0.14285714285714285,,,,,,,,,,,missing_condition_metadata,ref_005833,0.0967741935483871,FAKKLAKLAKKLAKLALAL
gen_006249,KLLQRLQEWVFKEFSR,9,0.8705003617147175,0.9444444444444444,0.8141280175976054,0.85,16.0,2.0,-0.70625,3.077819531114783,8,0.0,0.0,0.0,0.125,0.125,0.0,0.0,0.0,0.125,0.1875,0.0,0.0,0.0,0.125,0.125,0.0625,0.0,0.0625,0.0625,0.0,16.0,-0.70625,0.4375,0.1875,0.25,0.125,0.5,2.0,3.077819531114783,0.125,0.5625,0.1875,,,,,,,,,,,missing_condition_metadata,ref_021488,0.1111111111111111,VVAVFRLLQRLGREAERD
gen_005187,FGNRRRIYELMLFRT,10,0.8704464181606659,0.925,0.8056872451649282,0.8823529411764706,15.0,3.0,-0.5199999999999999,3.106890595608519,9,0.0,0.0,0.0,0.06666666666666667,0.13333333333333333,0.06666666666666667,0.0,0.06666666666666667,0.0,0.13333333333333333,0.06666666666666667,0.06666666666666667,0.0,0.0,0.26666666666666666,0.0,0.06666666666666667,0.0,0.0,0.06666666666666667,15.0,-0.5199999999999999,0.4666666666666667,0.2,0.26666666666666666,0.06666666666666667,0.4666666666666667,3.0,3.106890595608519,0.2,0.6666666666666666,0.26666666666666666,,,,,,,,,,,missing_condition_metadata,ref_015013,0.15,RWIDAKGRRIYE
gen_009542,LRVVSGFQMKRREMEMKLYESGLYQEFR,11,0.8702882307332463,0.9534883720930232,0.7562637157162522,0.90625,28.0,2.0,-0.7392857142857142,3.396291529045929,10,0.0,0.0,0.0,0.14285714285714285,0.07142857142857142,0.07142857142857142,0.0,0.0,0.07142857142857142,0.10714285714285714,0.10714285714285714,0.0,0.0,0.07142857142857142,0.14285714285714285,0.07142857142857142,0.0,0.07142857142857142,0.0,0.07142857142857142,28.0,-0.7392857142857142,0.42857142857142855,0.14285714285714285,0.21428571428571427,0.14285714285714285,0.42857142857142855,2.0,3.3962915290459286,0.07142857142857142,0.39285714285714285,0.14285714285714285,,,,,,,,,,,missing_condition_metadata,ref_028520,0.11627906976744186,GLVKRREMGDAQRIGEAEVCVSGL
gen_010599,GFLPWSKKCEKKDAAILH,12,0.8675579798488371,0.9464285714285714,0.7567983097721878,0.9047619047619048,18.0,2.1,-0.4722222222222222,3.5032583347756456,11,0.1111111111111111,0.05555555555555555,0.05555555555555555,0.05555555555555555,0.05555555555555555,0.05555555555555555,0.05555555555555555,0.05555555555555555,0.2222222222222222,0.1111111111111111,0.0,0.0,0.05555555555555555,0.0,0.0,0.05555555555555555,0.0,0.0,0.05555555555555555,0.0,18.0,-0.4722222222222222,0.4444444444444444,0.1111111111111111,0.2777777777777778,0.1111111111111111,0.5,2.0999999999999996,3.5032583347756456,0.1111111111111111,0.7222222222222222,0.2222222222222222,,,,,,,,,,,missing_condition_metadata,ref_018430,0.11538461538461539,KFLPWKIFCAITKKC
