length_aa,sequence,is_template,is_ac_p19,is_ac_p19m,mACPpred,ACPred,ENNACT,CellPPD,BChemRF_CPPred,MLCPP,HAPPENN,DBAASP_erythrocyte,HemoPI,paper_candidate_id,aa_frac_A,aa_frac_C,aa_frac_D,aa_frac_E,aa_frac_F,aa_frac_G,aa_frac_H,aa_frac_I,aa_frac_K,aa_frac_L,aa_frac_M,aa_frac_N,aa_frac_P,aa_frac_Q,aa_frac_R,aa_frac_S,aa_frac_T,aa_frac_V,aa_frac_W,aa_frac_Y,length,mean_hydropathy,hydrophobic_frac,aromatic_frac,positive_frac,negative_frac,polar_frac,net_charge_proxy,entropy,max_run_fraction,unique_residue_fraction
15,FAKKKIKGKIIKKVL,yes,no,no,0.9768,1.0,1.0,0.05 (CPP),87.05%,0.8758,0.012,0.76 (PPV),0.47,paper_candidate_001,0.06666666666666667,0.0,0.0,0.0,0.06666666666666667,0.06666666666666667,0.0,0.2,0.4666666666666667,0.06666666666666667,0.0,0.0,0.0,0.0,0.0,0.0,0.0,0.06666666666666667,0.0,0.0,15.0,-0.10666666666666676,0.4666666666666667,0.06666666666666667,0.4666666666666667,0.0,0.4666666666666667,7.0,2.279799131837405,0.2,0.4666666666666667
15,FAKKKIKGKIIKKVR,no,no,no,0.9603,1.0,1.0,0.05 (CPP),89.3%,0.9082,0.006,0.85 (PPV),0.48,paper_candidate_002,0.06666666666666667,0.0,0.0,0.0,0.06666666666666667,0.06666666666666667,0.0,0.2,0.4666666666666667,0.0,0.0,0.0,0.0,0.0,0.06666666666666667,0.0,0.0,0.06666666666666667,0.0,0.0,15.0,-0.6600000000000001,0.4,0.06666666666666667,0.5333333333333333,0.0,0.5333333333333333,8.0,2.279799131837405,0.2,0.4666666666666667
15,FAKKKIKGKIIKKVLR,no,no,no,0.9796,1.0,1.0,0.05 (CPP),89.37%,0.9186,0.012,0.85 (PPV),0.47,paper_candidate_003,0.0625,0.0,0.0,0.0,0.0625,0.0625,0.0,0.1875,0.4375,0.0625,0.0,0.0,0.0,0.0,0.0625,0.0,0.0,0.0625,0.0,0.0,16.0,-0.38125000000000003,0.4375,0.0625,0.5,0.0,0.5,8.0,2.474601752714581,0.1875,0.5
16,GLFDVIKKVASVIKKL,yes,no,no,0.9827,1.0,1.0,0.05 (CPP),70.16%,0.4522,0.49,0.62 (NPV),0.64,paper_candidate_004,0.0625,0.0,0.0625,0.0,0.0625,0.0625,0.0,0.125,0.25,0.125,0.0,0.0,0.0,0.0,0.0,0.0625,0.0,0.1875,0.0,0.0,16.0,0.84375,0.5625,0.0625,0.25,0.0625,0.375,3.0,2.952819531114783,0.125,0.5625
16,GLFDVIKKVASVIKKR,no,no,no,0.9825,0.999,0.999,0.05 (CPP),66.09%,0.5424,0.115,0.77 (PPV),0.58,paper_candidate_005,0.0625,0.0,0.0625,0.0,0.0625,0.0625,0.0,0.125,0.25,0.0625,0.0,0.0,0.0,0.0,0.0625,0.0625,0.0,0.1875,0.0,0.0,16.0,0.32500000000000007,0.5,0.0625,0.3125,0.0625,0.4375,4.0,3.077819531114783,0.125,0.625
16,GLFDVIKKVASVIKKLR,no,no,no,0.9797,0.998,1.0,0.05 (CPP),62.62%,0.5225,0.302,0.50 (PPV),0.56,paper_candidate_006,0.058823529411764705,0.0,0.058823529411764705,0.0,0.058823529411764705,0.058823529411764705,0.0,0.11764705882352941,0.23529411764705882,0.11764705882352941,0.0,0.0,0.0,0.0,0.058823529411764705,0.058823529411764705,0.0,0.17647058823529413,0.0,0.0,17.0,0.5294117647058824,0.5294117647058824,0.058823529411764705,0.29411764705882354,0.058823529411764705,0.4117647058823529,4.0,3.101881223476018,0.11764705882352941,0.5882352941176471
17,FLKKIVKKIKKHIKKAL,yes,no,no,0.9781,1.0,1.0,0.05 (CPP),53.82%,0.9167,0.176,0.71 (PPV),0.47,paper_candidate_007,0.058823529411764705,0.0,0.0,0.0,0.058823529411764705,0.0,0.058823529411764705,0.17647058823529413,0.47058823529411764,0.11764705882352941,0.0,0.0,0.0,0.0,0.0,0.0,0.0,0.058823529411764705,0.0,0.0,17.0,-0.264705882352941,0.47058823529411764,0.058823529411764705,0.5294117647058824,0.0,0.5294117647058824,8.1,2.2783518117113117,0.11764705882352941,0.4117647058823529
17,FLKKIVKKIKKHIKKAR,no,no,no,0.9812,1.0,1.0,0.05 (CPP),55.76%,0.9412,0.103,0.82 (PPV),0.47,paper_candidate_008,0.058823529411764705,0.0,0.0,0.0,0.058823529411764705,0.0,0.058823529411764705,0.17647058823529413,0.47058823529411764,0.058823529411764705,0.0,0.0,0.0,0.0,0.058823529411764705,0.0,0.0,0.058823529411764705,0.0,0.0,17.0,-0.7529411764705881,0.4117647058823529,0.058823529411764705,0.5882352941176471,0.0,0.5882352941176471,9.1,2.395998870534841,0.11764705882352941,0.47058823529411764
17,FLKKIVKKIKKHIKKALR,no,no,no,0.9801,1.0,1.0,0.05 (CPP),57.08%,0.9416,0.183,0.73 (PPV),0.45,paper_candidate_009,0.05555555555555555,0.0,0.0,0.0,0.05555555555555555,0.0,0.05555555555555555,0.16666666666666666,0.4444444444444444,0.1111111111111111,0.0,0.0,0.0,0.0,0.05555555555555555,0.0,0.0,0.05555555555555555,0.0,0.0,18.0,-0.4999999999999998,0.4444444444444444,0.05555555555555555,0.5555555555555556,0.0,0.5555555555555556,9.1,2.4613201402110083,0.1111111111111111,0.4444444444444444
18,PAWRKAKRWAWRMLKKAA,yes,no,no,0.9786,0.973,1.0,0.05 (CPP),92.01%,0.9634,0.014,0.83 (PPV),0.49,paper_candidate_010,0.2777777777777778,0.0,0.0,0.0,0.0,0.0,0.0,0.0,0.2222222222222222,0.05555555555555555,0.05555555555555555,0.0,0.05555555555555555,0.0,0.16666666666666666,0.0,0.0,0.0,0.16666666666666666,0.0,18.0,-1.0388888888888888,0.5555555555555556,0.16666666666666666,0.3888888888888889,0.0,0.5555555555555556,7.0,2.5521796970665487,0.1111111111111111,0.3888888888888889
18,PAWRKAKRWAWRMLKKAR,no,no,no,0.9787,0.912,1.0,0.05 (CPP),93.61%,0.9795,0.008,0.96 (PPV),0.49,paper_candidate_011,0.2222222222222222,0.0,0.0,0.0,0.0,0.0,0.0,0.0,0.2222222222222222,0.05555555555555555,0.05555555555555555,0.0,0.05555555555555555,0.0,0.2222222222222222,0.0,0.0,0.0,0.16666666666666666,0.0,18.0,-1.3888888888888888,0.5,0.16666666666666666,0.4444444444444444,0.0,0.6111111111111112,8.0,2.5724312513221195,0.1111111111111111,0.3888888888888889
18,PAWRKAKRWAWRMLKKAAR,no,no,no,0.9795,0.961,1.0,0.05 (CPP),93.3%,0.9757,0.008,0.88 (PPV),0.49,paper_candidate_012,0.2631578947368421,0.0,0.0,0.0,0.0,0.0,0.0,0.0,0.21052631578947367,0.05263157894736842,0.05263157894736842,0.0,0.05263157894736842,0.0,0.21052631578947367,0.0,0.0,0.0,0.15789473684210525,0.0,19.0,-1.2210526315789474,0.5263157894736842,0.15789473684210525,0.42105263157894735,0.0,0.5789473684210527,8.0,2.5445313041488333,0.10526315789473684,0.3684210526315789
19,FAKKLAKLKKKLAKLALAL,no,yes,no,0.9813,0.992,1.0,0.05 (CPP),88.47%,0.9797,0.02,0.55 (NPV),0.62,paper_candidate_013,0.2631578947368421,0.0,0.0,0.0,0.05263157894736842,0.0,0.0,0.0,0.3684210526315789,0.3157894736842105,0.0,0.0,0.0,0.0,0.0,0.0,0.0,0.0,0.0,0.0,19.0,0.38421052631578945,0.631578947368421,0.05263157894736842,0.3684210526315789,0.0,0.3684210526315789,7.0,1.7863012011716393,0.15789473684210525,0.21052631578947367
19,FAKKLAKLKKKLAKLALAR,no,no,no,0.9829,0.986,1.0,0.05 (CPP),90.6%,0.9752,0.009,0.70 (PPV),0.62,paper_candidate_014,0.2631578947368421,0.0,0.0,0.0,0.05263157894736842,0.0,0.0,0.0,0.3684210526315789,0.2631578947368421,0.0,0.0,0.0,0.0,0.05263157894736842,0.0,0.0,0.0,0.0,0.0,19.0,-0.05263157894736842,0.5789473684210527,0.05263157894736842,0.42105263157894735,0.0,0.42105263157894735,8.0,1.9915714395869089,0.15789473684210525,0.2631578947368421
19,FAKKLAKLAKKLAKLAKKR,no,no,yes,0.9806,0.999,1.0,0.05 (CPP),92.32%,0.9808,0.008,0.84 (PPV),0.57,paper_candidate_015,0.2631578947368421,0.0,0.0,0.0,0.05263157894736842,0.0,0.0,0.0,0.42105263157894735,0.21052631578947367,0.0,0.0,0.0,0.0,0.05263157894736842,0.0,0.0,0.0,0.0,0.0,19.0,-0.45789473684210524,0.5263157894736842,0.05263157894736842,0.47368421052631576,0.0,0.47368421052631576,9.0,1.9526832779469112,0.10526315789473684,0.2631578947368421
20,KWKLFKKIGIGLTLPPAKAY,yes,no,no,0.9786,0.986,0.159,0.05 (CPP),68.97%,0.6384,0.004,0.68 (PPV),0.48,paper_candidate_016,0.1,0.0,0.0,0.0,0.05,0.1,0.0,0.1,0.25,0.15,0.0,0.0,0.1,0.0,0.0,0.0,0.05,0.0,0.05,0.05,20.0,0.019999999999999997,0.5,0.15,0.25,0.0,0.4,5.0,3.1037016960573482,0.1,0.5
20,KWKLFKKIGIGLTLPPAKAR,no,no,no,0.9781,0.908,0.251,0.05 (CPP),63.91%,0.7379,0.002,0.85 (PPV),0.47,paper_candidate_017,0.1,0.0,0.0,0.0,0.05,0.1,0.0,0.1,0.25,0.15,0.0,0.0,0.1,0.0,0.05,0.0,0.05,0.0,0.05,0.0,20.0,-0.13999999999999999,0.45,0.1,0.3,0.0,0.4,6.0,3.1037016960573482,0.1,0.5
20,KWKLFKKIGIGLTLPPAKAYR,no,no,no,0.9795,0.969,0.362,0.05 (CPP),64.03%,0.7292,0.003,0.68 (PPV),0.5,paper_candidate_018,0.09523809523809523,0.0,0.0,0.0,0.047619047619047616,0.09523809523809523,0.0,0.09523809523809523,0.23809523809523808,0.14285714285714285,0.0,0.0,0.09523809523809523,0.0,0.047619047619047616,0.0,0.047619047619047616,0.0,0.047619047619047616,0.047619047619047616,21.0,-0.1952380952380952,0.47619047619047616,0.14285714285714285,0.2857142857142857,0.0,0.42857142857142855,6.0,3.2321018048454135,0.09523809523809523,0.5238095238095238
