generated_id,sequence,shortlist_rank,final_score,final_rank,novelty_score,descriptor_plausibility_score,diversity_score,length_input,net_charge_proxy_input,mean_hydropathy_input,entropy_input,similarity_cluster_id,aa_frac_A,aa_frac_C,aa_frac_D,aa_frac_E,aa_frac_F,aa_frac_G,aa_frac_H,aa_frac_I,aa_frac_K,aa_frac_L,aa_frac_M,aa_frac_N,aa_frac_P,aa_frac_Q,aa_frac_R,aa_frac_S,aa_frac_T,aa_frac_V,aa_frac_W,aa_frac_Y,length,mean_hydropathy,hydrophobic_frac,aromatic_frac,positive_frac,negative_frac,polar_frac,net_charge_proxy,entropy,max_run_fraction,unique_residue_fraction,max_single_residue_fraction,consensus_external_support,consensus_external_positive,length_bin_match,charge_bin_match,hydropathy_bin_match,length_range_match,charge_range_match,hydropathy_range_match,condition_fidelity_score,all_condition_match,condition_mode,nearest_reference_id,nearest_reference_similarity,nearest_reference_sequence
gen_003691,CFGRRGYCENRFRWCCCHDMR,1,0.8924544881147354,1,0.9482758620689656,0.8158798182588503,0.9166666666666666,21.0,3.1,-0.9142857142857144,3.096161187118111,0,0.0,0.23809523809523808,0.047619047619047616,0.047619047619047616,0.09523809523809523,0.09523809523809523,0.047619047619047616,0.0,0.0,0.0,0.047619047619047616,0.047619047619047616,0.0,0.0,0.23809523809523808,0.0,0.0,0.0,0.047619047619047616,0.047619047619047616,21.0,-0.9142857142857144,0.47619047619047616,0.19047619047619047,0.2857142857142857,0.09523809523809523,0.7142857142857143,3.0999999999999996,3.096161187118111,0.14285714285714285,0.5238095238095238,0.23809523809523808,,,,,,,,,,,missing_condition_metadata,ref_016656,0.1111111111111111,RRGWARRLAFGRR
gen_006708,KFFCFLKKACKDVEKDIQEKASSSHII,2,0.8861227771041574,2,0.9516129032258064,0.7925216722841417,0.9189189189189187,27.0,2.1,-0.2962962962962963,3.355834261022085,1,0.07407407407407407,0.07407407407407407,0.07407407407407407,0.07407407407407407,0.1111111111111111,0.0,0.037037037037037035,0.1111111111111111,0.2222222222222222,0.037037037037037035,0.0,0.0,0.0,0.037037037037037035,0.0,0.1111111111111111,0.0,0.037037037037037035,0.0,0.0,27.0,-0.2962962962962963,0.4444444444444444,0.1111111111111111,0.25925925925925924,0.14814814814814814,0.5555555555555556,2.0999999999999996,3.3558342610220855,0.1111111111111111,0.4444444444444444,0.2222222222222222,,,,,,,,,,,missing_condition_metadata,ref_022784,0.10526315789473684,AKKACPCFDIQERMRVWDD
gen_005214,SIKIHQKVYSIKDDYNSIY,3,0.8760580907723583,3,0.95,0.7653783288476649,0.9189189189189187,19.0,1.1,-0.6842105263157895,2.9708400131019848,2,0.0,0.0,0.10526315789473684,0.0,0.0,0.0,0.05263157894736842,0.21052631578947367,0.15789473684210525,0.0,0.0,0.05263157894736842,0.0,0.05263157894736842,0.0,0.15789473684210525,0.0,0.05263157894736842,0.0,0.15789473684210525,19.0,-0.6842105263157895,0.42105263157894735,0.15789473684210525,0.21052631578947367,0.10526315789473684,0.7368421052631579,1.1,2.9708400131019848,0.10526315789473684,0.47368421052631576,0.21052631578947367,,,,,,,,,,,missing_condition_metadata,ref_009690,0.1,VYFGNSIK
gen_003648,AGKKTHCKSFDDSAHVCTKYYNKFV,4,0.8748152745459771,4,0.9583333333333334,0.7499300884463814,0.9230769230769232,25.0,3.2,-0.792,3.459470570797252,3,0.08,0.08,0.08,0.0,0.08,0.04,0.08,0.0,0.2,0.0,0.0,0.04,0.0,0.0,0.0,0.08,0.08,0.08,0.0,0.08,25.0,-0.792,0.4,0.16,0.28,0.08,0.72,3.2,3.459470570797252,0.08,0.48,0.2,,,,,,,,,,,missing_condition_metadata,ref_007396,0.08333333333333333,YDSAH
gen_010597,KKIWNKWPGKKFLDVLDG,5,0.8742769593190696,5,0.931818181818182,0.7946874162363029,0.9,18.0,3.0,-0.8388888888888889,3.080500530640267,4,0.0,0.0,0.1111111111111111,0.0,0.05555555555555555,0.1111111111111111,0.0,0.05555555555555555,0.2777777777777778,0.1111111111111111,0.0,0.05555555555555555,0.05555555555555555,0.0,0.0,0.0,0.0,0.05555555555555555,0.1111111111111111,0.0,18.0,-0.8388888888888889,0.3888888888888889,0.16666666666666666,0.2777777777777778,0.1111111111111111,0.5555555555555556,3.0,3.080500530640267,0.1111111111111111,0.5555555555555556,0.2777777777777778,,,,,,,,,,,missing_condition_metadata,ref_013558,0.13636363636363635,KKLFKKIKKFL
gen_006027,ESPCLLLSERRCPCRFECK,6,0.8728208321186492,6,0.9464285714285714,0.7681244554039329,0.9090909090909092,19.0,1.0,-0.4473684210526317,2.865576855207248,5,0.0,0.21052631578947367,0.0,0.15789473684210525,0.05263157894736842,0.0,0.0,0.0,0.05263157894736842,0.15789473684210525,0.0,0.0,0.10526315789473684,0.0,0.15789473684210525,0.10526315789473684,0.0,0.0,0.0,0.0,19.0,-0.4473684210526317,0.42105263157894735,0.05263157894736842,0.21052631578947367,0.15789473684210525,0.5263157894736842,1.0,2.865576855207248,0.15789473684210525,0.42105263157894735,0.21052631578947367,,,,,,,,,,,missing_condition_metadata,ref_019194,0.10714285714285714,IKTRGPKLRNLLLSES
gen_008095,FLRWKSGGDRAAKKLVYRLKAKEEELNLFFE,7,0.8714410057476076,7,0.945945945945946,0.7707762553497397,0.9019607843137256,31.0,3.0,-0.6709677419354838,3.422456198923519,6,0.0967741935483871,0.0,0.03225806451612903,0.12903225806451613,0.0967741935483871,0.06451612903225806,0.0,0.0,0.16129032258064516,0.16129032258064516,0.0,0.03225806451612903,0.0,0.0,0.0967741935483871,0.03225806451612903,0.0,0.03225806451612903,0.03225806451612903,0.03225806451612903,31.0,-0.6709677419354838,0.45161290322580644,0.16129032258064516,0.25806451612903225,0.16129032258064516,0.41935483870967744,3.0,3.422456198923519,0.0967741935483871,0.41935483870967744,0.16129032258064516,,,,,,,,,,,missing_condition_metadata,ref_003862,0.12121212121212122,FALALKAKKL
gen_004545,MKIHALAKDHFGSHVREAMEEFAKYFSR,8,0.8713545047946586,8,0.9558823529411764,0.7424931552633425,0.9230769230769232,28.0,1.2999999999999998,-0.5607142857142858,3.6280852788913935,7,0.14285714285714285,0.0,0.03571428571428571,0.10714285714285714,0.10714285714285714,0.03571428571428571,0.10714285714285714,0.03571428571428571,0.10714285714285714,0.03571428571428571,0.07142857142857142,0.0,0.0,0.0,0.07142857142857142,0.07142857142857142,0.0,0.03571428571428571,0.0,0.03571428571428571,28.0,-0.5607142857142858,0.4642857142857143,0.14285714285714285,0.2857142857142857,0.14285714285714285,0.42857142857142855,1.2999999999999998,3.6280852788913944,0.07142857142857142,0.5,0.14285714285714285,,,,,,,,,,,missing_condition_metadata,ref_005833,0.0967741935483871,FAKKLAKLAKKLAKLALAL
gen_006249,KLLQRLQEWVFKEFSR,9,0.8705003617147175,9,0.9444444444444444,0.8141280175976054,0.85,16.0,2.0,-0.70625,3.077819531114783,8,0.0,0.0,0.0,0.125,0.125,0.0,0.0,0.0,0.125,0.1875,0.0,0.0,0.0,0.125,0.125,0.0625,0.0,0.0625,0.0625,0.0,16.0,-0.70625,0.4375,0.1875,0.25,0.125,0.5,2.0,3.077819531114783,0.125,0.5625,0.1875,,,,,,,,,,,missing_condition_metadata,ref_021488,0.1111111111111111,VVAVFRLLQRLGREAERD
gen_005187,FGNRRRIYELMLFRT,10,0.8704464181606659,10,0.925,0.8056872451649282,0.8823529411764706,15.0,3.0,-0.5199999999999999,3.106890595608519,9,0.0,0.0,0.0,0.06666666666666667,0.13333333333333333,0.06666666666666667,0.0,0.06666666666666667,0.0,0.13333333333333333,0.06666666666666667,0.06666666666666667,0.0,0.0,0.26666666666666666,0.0,0.06666666666666667,0.0,0.0,0.06666666666666667,15.0,-0.5199999999999999,0.4666666666666667,0.2,0.26666666666666666,0.06666666666666667,0.4666666666666667,3.0,3.106890595608519,0.2,0.6666666666666666,0.26666666666666666,,,,,,,,,,,missing_condition_metadata,ref_015013,0.15,RWIDAKGRRIYE
gen_009542,LRVVSGFQMKRREMEMKLYESGLYQEFR,11,0.8702882307332463,11,0.9534883720930232,0.7562637157162522,0.90625,28.0,2.0,-0.7392857142857142,3.396291529045929,10,0.0,0.0,0.0,0.14285714285714285,0.07142857142857142,0.07142857142857142,0.0,0.0,0.07142857142857142,0.10714285714285714,0.10714285714285714,0.0,0.0,0.07142857142857142,0.14285714285714285,0.07142857142857142,0.0,0.07142857142857142,0.0,0.07142857142857142,28.0,-0.7392857142857142,0.42857142857142855,0.14285714285714285,0.21428571428571427,0.14285714285714285,0.42857142857142855,2.0,3.3962915290459286,0.07142857142857142,0.39285714285714285,0.14285714285714285,,,,,,,,,,,missing_condition_metadata,ref_028520,0.11627906976744186,GLVKRREMGDAQRIGEAEVCVSGL
gen_010599,GFLPWSKKCEKKDAAILH,12,0.8675579798488371,12,0.9464285714285714,0.7567983097721878,0.9047619047619048,18.0,2.1,-0.4722222222222222,3.5032583347756456,11,0.1111111111111111,0.05555555555555555,0.05555555555555555,0.05555555555555555,0.05555555555555555,0.05555555555555555,0.05555555555555555,0.05555555555555555,0.2222222222222222,0.1111111111111111,0.0,0.0,0.05555555555555555,0.0,0.0,0.05555555555555555,0.0,0.0,0.05555555555555555,0.0,18.0,-0.4722222222222222,0.4444444444444444,0.1111111111111111,0.2777777777777778,0.1111111111111111,0.5,2.0999999999999996,3.5032583347756456,0.1111111111111111,0.7222222222222222,0.2222222222222222,,,,,,,,,,,missing_condition_metadata,ref_018430,0.11538461538461539,KFLPWKIFCAITKKC
gen_001567,GQVLRRYKIYIKEGLE,13,0.8670618150726306,13,0.9264705882352942,0.7889441214960317,0.8888888888888888,16.0,2.0,-0.6187500000000001,3.125,12,0.0,0.0,0.0,0.125,0.0,0.125,0.0,0.125,0.125,0.125,0.0,0.0,0.0,0.0625,0.125,0.0,0.0,0.0625,0.0,0.125,16.0,-0.6187500000000001,0.4375,0.125,0.25,0.125,0.4375,2.0,3.125,0.125,0.5625,0.125,,,,,,,,,,,missing_condition_metadata,ref_031926,0.14705882352941177,SDVKKLNEMDFNYIKEGQVLKVGEKNK
gen_001842,GGGCRGFGSREGGICNFRCDCCECPR,14,0.8663415267045467,14,0.9464285714285714,0.7446384045661821,0.9148936170212766,26.0,1.0,-0.4653846153846154,2.8865451235745474,13,0.0,0.23076923076923078,0.038461538461538464,0.07692307692307693,0.07692307692307693,0.2692307692307692,0.0,0.038461538461538464,0.0,0.0,0.0,0.038461538461538464,0.038461538461538464,0.0,0.15384615384615385,0.038461538461538464,0.0,0.0,0.0,0.0,26.0,-0.46538461538461545,0.34615384615384615,0.07692307692307693,0.15384615384615385,0.11538461538461539,0.5,1.0,2.8865451235745474,0.11538461538461539,0.38461538461538464,0.2692307692307692,,,,,,,,,,,missing_condition_metadata,ref_010507,0.10714285714285714,MCWCEGGGC
gen_002162,GLAQWRLAEKDLFENGIWAAAQQKKK,15,0.8657549451576378,15,0.9482758620689656,0.7600035730753064,0.8928571428571429,26.0,2.0,-0.75,3.3496929689578705,14,0.19230769230769232,0.0,0.038461538461538464,0.07692307692307693,0.038461538461538464,0.07692307692307693,0.0,0.038461538461538464,0.15384615384615385,0.11538461538461539,0.0,0.038461538461538464,0.0,0.11538461538461539,0.038461538461538464,0.0,0.0,0.0,0.07692307692307693,0.0,26.0,-0.75,0.46153846153846156,0.11538461538461539,0.19230769230769232,0.11538461538461539,0.46153846153846156,2.0,3.3496929689578705,0.11538461538461539,0.46153846153846156,0.19230769230769232,,,,,,,,,,,missing_condition_metadata,ref_020929,0.10344827586206896,KKKKKKAAAAFWAAAAF
gen_007293,TGHRNGDIIKCVADRFRDYIHHFLSGV,16,0.8648656275411226,16,0.9571428571428572,0.7239858265880815,0.9215686274509804,27.0,1.2999999999999998,-0.3481481481481482,3.7262046313924566,15,0.037037037037037035,0.037037037037037035,0.1111111111111111,0.0,0.07407407407407407,0.1111111111111111,0.1111111111111111,0.1111111111111111,0.037037037037037035,0.037037037037037035,0.0,0.037037037037037035,0.0,0.0,0.1111111111111111,0.037037037037037035,0.037037037037037035,0.07407407407407407,0.0,0.037037037037037035,27.0,-0.3481481481481482,0.4074074074074074,0.1111111111111111,0.25925925925925924,0.1111111111111111,0.5555555555555556,1.2999999999999998,3.7262046313924566,0.07407407407407407,0.5555555555555556,0.1111111111111111,,,,,,,,,,,missing_condition_metadata,ref_018379,0.08571428571428572,VPKDRFQRRRDYIQE
gen_010163,ESKFMKILKSIFKDYLQK,17,0.8648162974222158,17,0.9375,0.7791179926349021,0.88,18.0,3.0,-0.4888888888888889,3.080500530640267,16,0.0,0.0,0.05555555555555555,0.05555555555555555,0.1111111111111111,0.0,0.0,0.1111111111111111,0.2777777777777778,0.1111111111111111,0.05555555555555555,0.0,0.0,0.05555555555555555,0.0,0.1111111111111111,0.0,0.0,0.0,0.05555555555555555,18.0,-0.48888888888888893,0.4444444444444444,0.16666666666666666,0.2777777777777778,0.1111111111111111,0.5555555555555556,3.0,3.080500530640267,0.05555555555555555,0.5555555555555556,0.2777777777777778,,,,,,,,,,,missing_condition_metadata,ref_004548,0.125,FLPFLKSILGKIL
gen_005091,NEVCLEHRGGCRLYRCYMFKG,18,0.8643248871955258,18,0.9423076923076924,0.7386205568223813,0.92,21.0,2.1,-0.5190476190476191,3.427333493898264,17,0.0,0.14285714285714285,0.0,0.09523809523809523,0.047619047619047616,0.14285714285714285,0.047619047619047616,0.0,0.047619047619047616,0.09523809523809523,0.047619047619047616,0.047619047619047616,0.0,0.0,0.14285714285714285,0.0,0.0,0.047619047619047616,0.0,0.09523809523809523,21.0,-0.5190476190476191,0.47619047619047616,0.14285714285714285,0.23809523809523808,0.09523809523809523,0.5238095238095238,2.0999999999999996,3.427333493898264,0.09523809523809523,0.5714285714285714,0.14285714285714285,,,,,,,,,,,missing_condition_metadata,ref_004430,0.11538461538461539,GCRLYGFKIWGG
gen_001468,KYGAHNDCGWGWICYHRRCCVIKHPGSH,19,0.8641027478708544,19,0.9625,0.7083354372664805,0.9310344827586208,28.0,3.4000000000000004,-0.7142857142857143,3.59306920777189,18,0.03571428571428571,0.14285714285714285,0.03571428571428571,0.0,0.0,0.14285714285714285,0.14285714285714285,0.07142857142857142,0.07142857142857142,0.0,0.0,0.03571428571428571,0.03571428571428571,0.0,0.07142857142857142,0.03571428571428571,0.0,0.03571428571428571,0.07142857142857142,0.07142857142857142,28.0,-0.7142857142857143,0.42857142857142855,0.14285714285714285,0.2857142857142857,0.03571428571428571,0.6785714285714286,3.4000000000000004,3.5930692077718906,0.07142857142857142,0.5,0.14285714285714285,,,,,,,,,,,missing_condition_metadata,ref_022467,0.10810810810810811,WGRRCCGWGPGRRYCVRW
gen_008163,RNGKVGEYCNGFSSCDYFVCLSAAPKKK,20,0.8637470896474029,20,0.9473684210526316,0.7347661207970915,0.9166666666666666,28.0,3.0,-0.4642857142857143,3.655045546825804,19,0.07142857142857142,0.10714285714285714,0.03571428571428571,0.03571428571428571,0.07142857142857142,0.10714285714285714,0.0,0.0,0.14285714285714285,0.03571428571428571,0.0,0.07142857142857142,0.03571428571428571,0.0,0.03571428571428571,0.10714285714285714,0.0,0.07142857142857142,0.0,0.07142857142857142,28.0,-0.4642857142857143,0.42857142857142855,0.14285714285714285,0.17857142857142858,0.07142857142857142,0.5714285714285714,3.0,3.655045546825804,0.10714285714285714,0.5,0.14285714285714285,,,,,,,,,,,missing_condition_metadata,ref_032064,0.10526315789473684,KKATKAAKPKAAKPKAAKAKKAAPKKK
gen_005462,RELGRGDIFPPREIRCRAIRILLLIHLH,21,0.8632751114849065,21,0.95,0.7573166450589167,0.8857142857142857,28.0,3.2,0.0249999999999999,3.1384600665861555,20,0.03571428571428571,0.03571428571428571,0.03571428571428571,0.07142857142857142,0.03571428571428571,0.07142857142857142,0.07142857142857142,0.17857142857142858,0.0,0.17857142857142858,0.0,0.0,0.07142857142857142,0.0,0.21428571428571427,0.0,0.0,0.0,0.0,0.0,28.0,0.024999999999999942,0.4642857142857143,0.03571428571428571,0.2857142857142857,0.10714285714285714,0.35714285714285715,3.2,3.1384600665861555,0.10714285714285714,0.39285714285714285,0.21428571428571427,,,,,,,,,,,missing_condition_metadata,ref_010949,0.1,GLRILLLKV
gen_008855,SRGSIRPWRPHSFHIRIDDVIESCFPGG,22,0.8627428005611069,22,0.962962962962963,0.6984450386401997,0.9375,28.0,1.2000000000000002,-0.5249999999999999,3.396291529045928,21,0.0,0.03571428571428571,0.07142857142857142,0.03571428571428571,0.07142857142857142,0.10714285714285714,0.07142857142857142,0.14285714285714285,0.0,0.0,0.0,0.0,0.10714285714285714,0.0,0.14285714285714285,0.14285714285714285,0.0,0.03571428571428571,0.03571428571428571,0.0,28.0,-0.5249999999999999,0.32142857142857145,0.10714285714285714,0.21428571428571427,0.10714285714285714,0.5,1.2000000000000002,3.396291529045928,0.07142857142857142,0.42857142857142855,0.14285714285714285,,,,,,,,,,,missing_condition_metadata,ref_016797,0.09090909090909091,IRPWKWPWWPWRR
gen_006210,SDLIIPKEFKSFSKLY,23,0.8620109613719392,23,0.95,0.7586027467769693,0.88,16.0,1.0,-0.1124999999999999,3.0306390622295662,22,0.0,0.0,0.0625,0.0625,0.125,0.0,0.0,0.125,0.1875,0.125,0.0,0.0,0.0625,0.0,0.0,0.1875,0.0,0.0,0.0,0.0625,16.0,-0.11249999999999999,0.4375,0.1875,0.1875,0.125,0.5,1.0,3.0306390622295662,0.125,0.5625,0.1875,,,,,,,,,,,missing_condition_metadata,ref_005955,0.10714285714285714,AKKVFKRLEKSFSKIQNDK
gen_007494,RLYSKLVDKFLLSQR,24,0.8619317069763908,24,0.94,0.7607572580277832,0.8888888888888888,15.0,3.0,-0.3,2.9735572622751856,23,0.0,0.0,0.06666666666666667,0.0,0.06666666666666667,0.0,0.0,0.0,0.13333333333333333,0.26666666666666666,0.0,0.0,0.0,0.06666666666666667,0.13333333333333333,0.13333333333333333,0.0,0.06666666666666667,0.0,0.06666666666666667,15.0,-0.3,0.4666666666666667,0.13333333333333333,0.26666666666666666,0.06666666666666667,0.6,3.0,2.9735572622751856,0.13333333333333333,0.6,0.26666666666666666,,,,,,,,,,,missing_condition_metadata,ref_021209,0.12,PGDKLYSKLQDWPHYQE
